,Gemcitabine,Gefitinib,Cisplatin,Doxorubicin,Docetaxel,Paclitaxel,Carboplatin
GSM706689_08SE140HGU133Plus2.0_130608.CEL,-0.575912877348663,-1.23182875592058,-0.939262713437396,-4.52167920478093,-0.228964357505908,-1.51154054071209,1.04707026929581
