,Gemcitabine,Gefitinib,Cisplatin,Doxorubicin,Docetaxel,Paclitaxel,Carboplatin
GSM706687_08SE134HGU133Plus2.0_050608.CEL,0.686190312998368,-1.47864133342982,-2.61409755474014,-4.81124909821732,-0.4568600912707,3.08169992125466,2.2652381279231
