,Gemcitabine,Gefitinib,Cisplatin,Doxorubicin,Docetaxel,Paclitaxel,Carboplatin
GSM706202_08SE128HGU133Plus2.0_130608.CEL,-1.16654528157935,-0.630916768677169,0.492088149783438,-2.16123507906576,-0.434123211803634,0.899725422974353,1.615997011626
