,Gemcitabine,Gefitinib,Cisplatin,Doxorubicin,Docetaxel,Paclitaxel,Carboplatin
GSM706692_08SE152HGU133Plus2.0_130608.CEL,0.184886840285482,-2.05085273153692,-0.679456749744632,-1.73549818917574,0.421114118924863,0.661308409376726,2.51034217983455
